{"name":"build-javascript","namedChunkGroups":{"polyfill":{"name":"polyfill","assets":[{"name":"webpack-runtime-9ac018bb6bcc832b1476.js","size":4295},{"name":"polyfill-f7de5e3a8a3407ecdd47.js","size":85828}],"filteredAssets":0,"assetsSize":90123,"filteredAuxiliaryAssets":2,"auxiliaryAssetsSize":225344},"app":{"name":"app","assets":[{"name":"webpack-runtime-9ac018bb6bcc832b1476.js","size":4295},{"name":"framework-7d56f37654b85bf89105.js","size":129741},{"name":"app-ce23453c1258d3030bda.js","size":89733}],"filteredAssets":0,"assetsSize":223769,"filteredAuxiliaryAssets":3,"auxiliaryAssetsSize":672858},"component---src-pages-404-js":{"name":"component---src-pages-404-js","assets":[{"name":"component---src-pages-404-js-41b6c3f575beb1668657.js","size":791}],"filteredAssets":0,"assetsSize":791,"filteredAuxiliaryAssets":1,"auxiliaryAssetsSize":1863},"component---src-pages-index-js":{"name":"component---src-pages-index-js","assets":[{"name":"styles.8d1b9ad80f877d0fbcc6.css","size":12788},{"name":"component---src-pages-index-js-7b38c18d71c624a6256a.js","size":138135}],"filteredAssets":0,"assetsSize":150923,"filteredAuxiliaryAssets":42,"auxiliaryAssetsSize":6171716}},"assetsByChunkName":{"polyfill":["webpack-runtime-9ac018bb6bcc832b1476.js","polyfill-f7de5e3a8a3407ecdd47.js"],"app":["webpack-runtime-9ac018bb6bcc832b1476.js","framework-7d56f37654b85bf89105.js","app-ce23453c1258d3030bda.js"],"component---src-pages-404-js":["component---src-pages-404-js-41b6c3f575beb1668657.js"],"component---src-pages-index-js":["styles.8d1b9ad80f877d0fbcc6.css","component---src-pages-index-js-7b38c18d71c624a6256a.js"]},"childAssetsByChunkName":{}}